email,password
perf001@test.com,Password123!
perf002@test.com,Password123!
perf003@test.com,Password123!
perf004@test.com,Password123!
perf005@test.com,Password123!
perf006@test.com,Password123!
perf007@test.com,Password123!
perf008@test.com,Password123!
perf009@test.com,Password123!
perf010@test.com,Password123!
perf011@test.com,Password123!
perf012@test.com,Password123!
perf013@test.com,Password123!
perf014@test.com,Password123!
perf015@test.com,Password123!
perf016@test.com,Password123!
perf017@test.com,Password123!
perf018@test.com,Password123!
perf019@test.com,Password123!
perf020@test.com,Password123!
perf021@test.com,Password123!
perf022@test.com,Password123!
perf023@test.com,Password123!
perf024@test.com,Password123!
perf025@test.com,Password123!
perf026@test.com,Password123!
perf027@test.com,Password123!
perf028@test.com,Password123!
perf029@test.com,Password123!
perf030@test.com,Password123!
perf031@test.com,Password123!
perf032@test.com,Password123!
perf033@test.com,Password123!
perf034@test.com,Password123!
perf035@test.com,Password123!
perf036@test.com,Password123!
perf037@test.com,Password123!
perf038@test.com,Password123!
perf039@test.com,Password123!
perf040@test.com,Password123!
perf041@test.com,Password123!
perf042@test.com,Password123!
perf043@test.com,Password123!
perf044@test.com,Password123!
perf045@test.com,Password123!
perf046@test.com,Password123!
perf047@test.com,Password123!
perf048@test.com,Password123!
perf049@test.com,Password123!
perf050@test.com,Password123!
perf051@test.com,Password123!
perf052@test.com,Password123!
perf053@test.com,Password123!
perf054@test.com,Password123!
perf055@test.com,Password123!
perf056@test.com,Password123!
perf057@test.com,Password123!
perf058@test.com,Password123!
perf059@test.com,Password123!
perf060@test.com,Password123!
perf061@test.com,Password123!
perf062@test.com,Password123!
perf063@test.com,Password123!
perf064@test.com,Password123!
perf065@test.com,Password123!
perf066@test.com,Password123!
perf067@test.com,Password123!
perf068@test.com,Password123!
perf069@test.com,Password123!
perf070@test.com,Password123!
perf071@test.com,Password123!
perf072@test.com,Password123!
perf073@test.com,Password123!
perf074@test.com,Password123!
perf075@test.com,Password123!
perf076@test.com,Password123!
perf077@test.com,Password123!
perf078@test.com,Password123!
perf079@test.com,Password123!
perf080@test.com,Password123!
perf081@test.com,Password123!
perf082@test.com,Password123!
perf083@test.com,Password123!
perf084@test.com,Password123!
perf085@test.com,Password123!
perf086@test.com,Password123!
perf087@test.com,Password123!
perf088@test.com,Password123!
perf089@test.com,Password123!
perf090@test.com,Password123!
perf091@test.com,Password123!
perf092@test.com,Password123!
perf093@test.com,Password123!
perf094@test.com,Password123!
perf095@test.com,Password123!
perf096@test.com,Password123!
perf097@test.com,Password123!
perf098@test.com,Password123!
perf099@test.com,Password123!
perf100@test.com,Password123!
perf101@test.com,Password123!
perf102@test.com,Password123!
perf103@test.com,Password123!
perf104@test.com,Password123!
perf105@test.com,Password123!
perf106@test.com,Password123!
perf107@test.com,Password123!
perf108@test.com,Password123!
perf109@test.com,Password123!
perf110@test.com,Password123!
perf111@test.com,Password123!
perf112@test.com,Password123!
perf113@test.com,Password123!
perf114@test.com,Password123!
perf115@test.com,Password123!
perf116@test.com,Password123!
perf117@test.com,Password123!
perf118@test.com,Password123!
perf119@test.com,Password123!
perf120@test.com,Password123!
